label,tag
à la carte model,practices_a_la_carte
à la carte model,a_la_carte
accommodations provided to all students,practices_accommodations
accommodations provided to all students,accommodations
adaptive content,practices_adaptive_content
adaptive content,adaptive_content
advancement on mastery,practices_advancement_mastery
advancement on mastery,advancement_mastery
student advisories,practices_advisories
student advisories,advisories
flexible assessment schedule,practices_assessment_schedule
flexible assessment schedule,assessment_schedule
blended learning,practices_blended_learning
blended learning,blended_learning
career prep and work-based learning,practices_career_prep
career prep and work-based learning,career_prep
dialogue circles,practices_circles
dialogue circles,circles
community and business partnerships,practices_community_partnerships
community and business partnerships,community_partnerships
family and community support services,practices_community_supports
family and community support services,community_supports
family and community support services,community_support
competency/mastery-based education,practices_competency_education
competency/mastery-based education,competency_education
competency framework,practices_competency_framework
competency framework,competency_framework
culturally responsive practices,practices_culturally_responsive
culturally responsive practices,culturally_relevant
data analytics drive instruction,practices_data_instruction
data analytics drive instruction,data_instruction
design at the margins,practices_design_margins
design at the margins,design_margins
design thinking process,practices_design_thinking
design thinking process,design_thinking
take home devices,practices_devices_home
take home devices,devices_home
no tracked classes,practices_no_tracking
no tracked classes,practices_elimination_tracking
no tracked classes,elimination_tracking
supports for English Language Learners,practices_ell_supports
supports for English Language Learners,ell_supports
enriched virtual model,practices_enriched_virtual
enriched virtual model,enriched_virtual
design to meet needs of students who have been marginalized,practices_design_marginalized
design to meet needs of students who have been marginalized,design_equity
design to meet needs of students who have been marginalized,equity
commitment to equity in strategic plan,practices_equity_plan
commitment to equity in strategic plan,equity_plan
"experiential, work-based & place-based learning",practices_experiential
"experiential, work-based & place-based learning",experiential
flex model,practices_flex
flex model,flex
flexible facilities & classroom design,practices_flexible_facilities
flexible facilities & classroom design,flexible_facilities
flexible schedule,practices_flexible_schedule
flexible schedule,flexible_schedule
flexible staffing & alternative teaching roles,practices_flexible_staffing
flexible staffing & alternative teaching roles,flexible_staffing
flipped classroom,practices_flipped_classroom
flipped classroom,flipped_classroom
grading policies focus on mastery,practices_grading_mastery
grading policies focus on mastery,grading_mastery
supports for students off-track for graduation,practices_graduation_supports
supports for students off-track for graduation,graduation_supports
hiring practices in support of student success,practices_hiring_practices
hiring practices in support of student success,hiring_practices
supports for immigrants and refugees,practices_immigrants_supports
supports for immigrants and refugees,immigrants_supports
individual rotation,practices_individual_rotation
individual rotation,individual_rotation
access to information in multiple formats,practices_information_formats
access to information in multiple formats,information_formats
interoperable data from multiple technologies,practices_interoperability
interoperable data from multiple technologies,interoperability
interoperable data from multiple technologies,integrated_data
interdisciplinary,practices_interdisciplinary
interdisciplinary,interdisciplinary
lab rotation,practices_lab_rotation
lab rotation,lab_rotation
learner agency,practices_learner_agency
learner agency,learner_agency
individual learner profiles,practices_learner_profiles
individual learner profiles,learner_profiles
individual learning paths,practices_learning_paths
individual learning paths,learning_paths
place-based learning,practices_place_based
place-based learning,place_based
place-based learning,local_focus
connecting local and global,practices_local_global
connecting local and global,local_global
maker/design-centered learning,practices_maker
maker/design-centered learning,maker
makerspace,practices_makerspace
makerspace,makerspace
assessments for career readiness,practices_assessments_career
assessments for career readiness,assessments_career
assessments for career readiness,measures_career
measures for school climate,practices_measures_climate
measures for school climate,measures_climate
measures for college readiness,practices_measures_college
measures for college readiness,measures_college
assessments for deeper learning,practices_assessments_deeper
assessments for deeper learning,assessments_deeper
assessments for deeper learning,measures_deeper
measures for purpose and agency,practices_measures_purpose
measures for purpose and agency,measures_purpose
assessments for social-emotional skills,practices_assessments_sel
assessments for social-emotional skills,assessments_sel
assessments for social-emotional skills,measures_sel
mental health services,practices_mental_health
mental health services,mental_health
1:1 mentoring,practices_mentoring
1:1 mentoring,mentoring
multi-age classrooms,practices_multi_age
multi-age classrooms,multi_age
alternating days,practices_alternating_days
alternating days,alternating_days
alternating weeks,practices_alternating_weeks
alternating weeks,alternating_weeks
anti-racist practices,practices_anti_racist
anti-racist practices,anti_racist_action
asynchronous online learning,practices_asynchronous_online
asynchronous online learning,asynchronous_online
digital materials,practices_digital_materials
digital materials,digital_materials
dual credit,practices_dual_credit
dual credit,dual_credit
dual language programming,practices_dual_language
dual language programming,dual_language
early college high school,practices_early_college
early college high school,early_college
families can choose instructional modality,practices_families_choose_modality
families can choose instructional modality,families_choose_modality
families as co-leaders,practices_colead_family
families as co-leaders,practices_families_leaders
families as co-leaders,families_leaders
at-home learning supports,practices_family_learning
at-home learning supports,family_learning
fully in-person,practices_fully_in_person
fully in-person,fully_in_person
fully remote,practices_fully_remote
fully remote,fully_remote
half days,practices_half_days
half days,half_days
hiring for equity and inclusion values,practices_hiring_equity
hiring for equity and inclusion values,hiring_equity
hybrid,practices_hybrid
hybrid,hybrid
students earn industry credentials,practices_industry_credentials
students earn industry credentials,industry_credentials
students meet industry professionals,practices_meet_professionals
students meet industry professionals,meet_professionals
adult wellness/SEL,practices_adult_wellness
all courses designed for inclusion,practices_inclusion
all courses designed for inclusion,practices_all_courses_designed_for_inclusion
assessments for agency and self-directed learning,practices_assessments_agency
bilingual assessments,practices_assessments_bilingual
co-leadership,practices_coleadership
co-leadership,practices_co_leaders
community-based organizations as co-leaders,practices_colead_cbo
community-based organizations as co-leaders,practices_community_leaders
heritage language course(s),practices_heritage
heritage language course(s),practices_heritage_language
industry-based partners as co-leaders,practices_colead_industry
industry-based partners as co-leaders,practices_industry_leaders
other co-leaders,practices_other_leaders
translanguaging,practices_translanguaging
disaggregated data on student participation,practices_disaggregated_participation_data
multi-tiered system of support (MTSS) in academics,practices_mtss_academics
students as co-leaders,practices_colead_students
students as co-leaders,practices_students_leaders
all virtual pathway,practices_virtual_pathway
peer to peer support,practices_peer_to_peer
peer to peer support,peer_to_peer
print materials,practices_print_materials
print materials,print_materials
remote accommodations,practices_remote_accommodations
remote accommodations,remote_accommodations
rotating or staggered schedules,practices_rotating_schedule
rotating or staggered schedules,rotating_schedule
social justice focus,practices_social_justice
social justice focus,social_justice
synchronous online learning,practices_synchronous_online
synchronous online learning,synchronous_online
teachers can choose instructional modality,practices_teachers_choose_modality
teachers can choose instructional modality,teachers_choose_modality
teachers as co-leaders,practices_colead_teachers
teachers as co-leaders,practices_teachers_leaders
teachers as co-leaders,teachers_leaders
trauma-informed practices,practices_trauma_informed
trauma-informed practices,trauma_informed
tutoring,practices_tutoring
tutoring,tutoring
virtual enrichment activities,practices_virtual_enrichment
virtual enrichment activities,virtual_enrichment
open educational resources,practices_oer
open educational resources,oer
expanded open hours,practices_expanded_open_hours
expanded open hours,open_hours
multiple opportunities to demonstrate mastery,practices_opportunities_mastery
multiple opportunities to demonstrate mastery,opportunities_mastery
extended learning opportunities,practices_extended_learning
extended learning opportunities,extended_learning
extended learning opportunities,outside_credit
project-based learning,practices_pbl
project-based learning,pbl
performance based assessment,practices_performance_assessment
performance based assessment,performance_assessment
physical well being services,practices_physical_well_being
physical well being services,physical_well_being
physical well being services,physical_health
portfolios and public exhibitions of student work,practices_portfolios_exhibitions
portfolios and public exhibitions of student work,portfolios_exhibitions
portfolios and public exhibitions of student work,portfolios
portfolios and public exhibitions of student work,exhibitions
supports for high-poverty and homeless students,practices_poverty_supports
supports for high-poverty and homeless students,poverty_supports
projects as primary method of learning,practices_projects_primary
projects as primary method of learning,projects_primary
high quality instructional materials,practices_quality_materials
high quality instructional materials,quality_materials
real time data use to drive instruction,practices_real_time_data
real time data use to drive instruction,real_time_data
real-world problem solving,practices_real_world
real-world problem solving,real_world
reallocation of resources for those most in need,practices_reallocation_resources
reallocation of resources for those most in need,reallocation_resources
expanded measures of success,practices_expanded_success
expanded measures of success,expanded_success
expanded measures of success,redefining_success
relevant and contextualized learning assignments,practices_relevant_learning
relevant and contextualized learning assignments,relevant_learning
restorative practices,practices_restorative
restorative practices,restorative_practice
rigorous coursework for all students,practices_rigorous_coursework
rigorous coursework for all students,rigorous_coursework
social-emotional learning,practices_sel
social-emotional learning,sel
SEL curriculum,practices_sel_curriculum
SEL curriculum,sel_curriculum
SEL integration school-wide,practices_sel_integrated
SEL integration school-wide,sel_integrated
commitment to whole child or SEL in strategic plan,practices_sel_plan
commitment to whole child or SEL in strategic plan,sel_plan
service learning,practices_service_learning
service learning,service_learning
flexible staffing & infrastructure,practices_staffing_infrastructure
flexible staffing & infrastructure,staffing_infrastructure
station rotation,practices_station_rotation
station rotation,station_rotation
student-led conferences,practices_student_conferences
student-led conferences,student_conferences
students access their own data,practices_student_data
students access their own data,student_data
student-led goal setting,practices_student_goals
student-led goal setting,student_goals
self-paced learning,practices_student_pace
self-paced learning,student_pace
students develop projects,practices_student_projects
students develop projects,student_projects
universal design for learning,practices_udl
universal design for learning,udl
multiple ways to demonstrate mastery,practices_ways_mastery
multiple ways to demonstrate mastery,ways_mastery
wraparound services & integrated student supports,practices_wraparound
wraparound services & integrated student supports,wraparound